WKT,Layer,Provinsi,Nama,Jenis,Alamat,Latitude,Longitude
"POINT (112.7508147 -7.0244963)",Jawa Timur,Jawa Timur,Kabupaten Bangkalan,Kabupaten,Kabupaten Bangkalan, Jawa Timur, Indonesia,-7.0244963,112.7508147
"POINT (114.369 -8.219)",Jawa Timur,Jawa Timur,Kabupaten Banyuwangi,Kabupaten,Kabupaten Banyuwangi, Jawa Timur, Indonesia,-8.219,114.369
"POINT (112.2194386 -8.1285513)",Jawa Timur,Jawa Timur,Kabupaten Blitar,Kabupaten,Kabupaten Blitar, Jawa Timur, Indonesia,-8.1285513,112.2194386
"POINT (111.8869523 -7.1522142)",Jawa Timur,Jawa Timur,Kabupaten Bojonegoro,Kabupaten,Kabupaten Bojonegoro, Jawa Timur, Indonesia,-7.1522142,111.8869523
"POINT (113.8230899 -7.9145908)",Jawa Timur,Jawa Timur,Kabupaten Bondowoso,Kabupaten,Kabupaten Bondowoso, Jawa Timur, Indonesia,-7.9145908,113.8230899
"POINT (112.6518883 -7.1650491)",Jawa Timur,Jawa Timur,Kabupaten Gresik,Kabupaten,Kabupaten Gresik, Jawa Timur, Indonesia,-7.1650491,112.6518883
"POINT (113.7 -8.17)",Jawa Timur,Jawa Timur,Kabupaten Jember,Kabupaten,Kabupaten Jember, Jawa Timur, Indonesia,-8.17,113.7
"POINT (112.2326567 -7.5376824)",Jawa Timur,Jawa Timur,Kabupaten Jombang,Kabupaten,Kabupaten Jombang, Jawa Timur, Indonesia,-7.5376824,112.2326567
"POINT (112.19 -7.82)",Jawa Timur,Jawa Timur,Kabupaten Kediri,Kabupaten,Kabupaten Kediri, Jawa Timur, Indonesia,-7.82,112.19
"POINT (112.4149782 -7.1180411)",Jawa Timur,Jawa Timur,Kabupaten Lamongan,Kabupaten,Kabupaten Lamongan, Jawa Timur, Indonesia,-7.1180411,112.4149782
"POINT (113.2237766 -8.1302549)",Jawa Timur,Jawa Timur,Kabupaten Lumajang,Kabupaten,Kabupaten Lumajang, Jawa Timur, Indonesia,-8.1302549,113.2237766
"POINT (111.6178528 -7.6084297)",Jawa Timur,Jawa Timur,Kabupaten Madiun,Kabupaten,Kabupaten Madiun, Jawa Timur, Indonesia,-7.6084297,111.6178528
"POINT (111.3275124 -7.6554443)",Jawa Timur,Jawa Timur,Kabupaten Magetan,Kabupaten,Kabupaten Magetan, Jawa Timur, Indonesia,-7.6554443,111.3275124
"POINT (112.7137713 -8.2406844)",Jawa Timur,Jawa Timur,Kabupaten Malang,Kabupaten,Kabupaten Malang, Jawa Timur, Indonesia,-8.2406844,112.7137713
"POINT (112.4766919 -7.5599067)",Jawa Timur,Jawa Timur,Kabupaten Mojokerto,Kabupaten,Kabupaten Mojokerto, Jawa Timur, Indonesia,-7.5599067,112.4766919
"POINT (111.89897 -7.6037434)",Jawa Timur,Jawa Timur,Kabupaten Nganjuk,Kabupaten,Kabupaten Nganjuk, Jawa Timur, Indonesia,-7.6037434,111.89897
"POINT (111.4314605 -7.4068093)",Jawa Timur,Jawa Timur,Kabupaten Ngawi,Kabupaten,Kabupaten Ngawi, Jawa Timur, Indonesia,-7.4068093,111.4314605
"POINT (111.1051498 -8.1792707)",Jawa Timur,Jawa Timur,Kabupaten Pacitan,Kabupaten,Kabupaten Pacitan, Jawa Timur, Indonesia,-8.1792707,111.1051498
"POINT (113.4736485 -7.1535277)",Jawa Timur,Jawa Timur,Kabupaten Pamekasan,Kabupaten,Kabupaten Pamekasan, Jawa Timur, Indonesia,-7.1535277,113.4736485
"POINT (112.8574282 -7.7833693)",Jawa Timur,Jawa Timur,Kabupaten Pasuruan,Kabupaten,Kabupaten Pasuruan, Jawa Timur, Indonesia,-7.7833693,112.8574282
"POINT (111.4664373 -7.8665991)",Jawa Timur,Jawa Timur,Kabupaten Ponorogo,Kabupaten,Kabupaten Ponorogo, Jawa Timur, Indonesia,-7.8665991,111.4664373
"POINT (113.2 -7.88)",Jawa Timur,Jawa Timur,Kabupaten Probolinggo,Kabupaten,Kabupaten Probolinggo, Jawa Timur, Indonesia,-7.88,113.2
"POINT (113.25 -7.19)",Jawa Timur,Jawa Timur,Kabupaten Sampang,Kabupaten,Kabupaten Sampang, Jawa Timur, Indonesia,-7.19,113.25
"POINT (112.72 -7.45)",Jawa Timur,Jawa Timur,Kabupaten Sidoarjo,Kabupaten,Kabupaten Sidoarjo, Jawa Timur, Indonesia,-7.45,112.72
"POINT (114.0 -7.7)",Jawa Timur,Jawa Timur,Kabupaten Situbondo,Kabupaten,Kabupaten Situbondo, Jawa Timur, Indonesia,-7.7,114.0
"POINT (113.86 -7.02)",Jawa Timur,Jawa Timur,Kabupaten Sumenep,Kabupaten,Kabupaten Sumenep, Jawa Timur, Indonesia,-7.02,113.86
"POINT (111.71 -8.1)",Jawa Timur,Jawa Timur,Kabupaten Trenggalek,Kabupaten,Kabupaten Trenggalek, Jawa Timur, Indonesia,-8.1,111.71
"POINT (112.05 -6.9)",Jawa Timur,Jawa Timur,Kabupaten Tuban,Kabupaten,Kabupaten Tuban, Jawa Timur, Indonesia,-6.9,112.05
"POINT (111.9 -8.07)",Jawa Timur,Jawa Timur,Kabupaten Tulungagung,Kabupaten,Kabupaten Tulungagung, Jawa Timur, Indonesia,-8.07,111.9
"POINT (112.526 -7.87)",Jawa Timur,Jawa Timur,Kota Batu,Kota,Kota Batu, Jawa Timur, Indonesia,-7.87,112.526
"POINT (112.1609 -8.0954)",Jawa Timur,Jawa Timur,Kota Blitar,Kota,Kota Blitar, Jawa Timur, Indonesia,-8.0954,112.1609
"POINT (112.0178 -7.848)",Jawa Timur,Jawa Timur,Kota Kediri,Kota,Kota Kediri, Jawa Timur, Indonesia,-7.848,112.0178
"POINT (111.53 -7.6298)",Jawa Timur,Jawa Timur,Kota Madiun,Kota,Kota Madiun, Jawa Timur, Indonesia,-7.6298,111.53
"POINT (112.6326 -7.9666)",Jawa Timur,Jawa Timur,Kota Malang,Kota,Kota Malang, Jawa Timur, Indonesia,-7.9666,112.6326
"POINT (112.4339 -7.4722)",Jawa Timur,Jawa Timur,Kota Mojokerto,Kota,Kota Mojokerto, Jawa Timur, Indonesia,-7.4722,112.4339
"POINT (112.9075 -7.6453)",Jawa Timur,Jawa Timur,Kota Pasuruan,Kota,Kota Pasuruan, Jawa Timur, Indonesia,-7.6453,112.9075
"POINT (113.2159 -7.7543)",Jawa Timur,Jawa Timur,Kota Probolinggo,Kota,Kota Probolinggo, Jawa Timur, Indonesia,-7.7543,113.2159
"POINT (112.7521 -7.2575)",Jawa Timur,Jawa Timur,Kota Surabaya,Kota,Kota Surabaya, Jawa Timur, Indonesia,-7.2575,112.7521
